name,light_years_from_earth,planet_mass,stellar_magnitude,discovery_date,hyperlink,planet_type,planet_radius,orbital_radius,orbital_period,eccentricity
11 Comae Berenices b,304,19.4 Jupiters,4.72307,2007,https://exoplanets.nasa.gov/exoplanet-catalog/6988/11-comae-berenices-b/,Gas Giant,2007,19.4 Jupiters,1.08 x Jupiter,1.29 AU,326 days,0.23
11 Ursae Minoris b,409,14.74 Jupiters,5.013,2009,https://exoplanets.nasa.gov/exoplanet-catalog/6989/11-ursae-minoris-b/,Gas Giant,2009,14.74 Jupiters,1.09 x Jupiter,1.53 AU,1.4 years,0.08
14 Andromedae b,246,4.8 Jupiters,5.23133,2008,https://exoplanets.nasa.gov/exoplanet-catalog/6990/14-andromedae-b/,Gas Giant,2008,4.8 Jupiters,1.15 x Jupiter,0.83 AU,185.8 days,0.0
14 Herculis b,58,4.66 Jupiters,6.61935,2002,https://exoplanets.nasa.gov/exoplanet-catalog/6991/14-herculis-b/,Gas Giant,2002,4.66 Jupiters,1.15 x Jupiter,2.93 AU,4.9 years,0.37
16 Cygni B b,69,1.78 Jupiters,6.215,1996,https://exoplanets.nasa.gov/exoplanet-catalog/6992/16-cygni-b-b/,Gas Giant,1996,1.78 Jupiters,1.2 x Jupiter,1.66 AU,2.2 years,0.68
17 Scorpii b,408,4.32 Jupiters,5.22606,2020,https://exoplanets.nasa.gov/exoplanet-catalog/8016/17-scorpii-b/,Gas Giant,2020,4.32 Jupiters,1.15 x Jupiter,1.45 AU,1.6 years,0.06
18 Delphini b,249,10.3 Jupiters,5.51048,2008,https://exoplanets.nasa.gov/exoplanet-catalog/6993/18-delphini-b/,Gas Giant,2008,10.3 Jupiters,1.11 x Jupiter,2.6 AU,2.7 years,0.08
1RXS J160929.1-210524 b,454,8 Jupiters,12.618,2008,https://exoplanets.nasa.gov/exoplanet-catalog/7061/1rxs-j1609291-210524-b/,Gas Giant,2008,8 Jupiters,1.664 x Jupiter,330.0 AU,6505.9 years,0.0
24 Bootis b,313,0.91 Jupiters,5.59,2018,https://exoplanets.nasa.gov/exoplanet-catalog/7274/24-bootis-b/,Gas Giant,2018,0.91 Jupiters,1.24 x Jupiter,0.19 AU,30.4 days,0.04
24 Sextantis b,235,1.99 Jupiters,6.4535,2010,https://exoplanets.nasa.gov/exoplanet-catalog/6994/24-sextantis-b/,Gas Giant,2010,1.99 Jupiters,1.19 x Jupiter,1.333 AU,452.8 days,0.09
24 Sextantis c,235,0.86 Jupiters,6.4535,2010,https://exoplanets.nasa.gov/exoplanet-catalog/6995/24-sextantis-c/,Gas Giant,2010,0.86 Jupiters,1.24 x Jupiter,2.08 AU,2.4 years,0.29
2MASS J01033563-5515561 AB b,154,13 Jupiters,15.788,2013,https://exoplanets.nasa.gov/exoplanet-catalog/7671/2mass-j01033563-5515561-ab-b/,Gas Giant,2013,13 Jupiters,1.1 x Jupiter,84.0 AU,1767.2 years,0.0
2MASS J01225093-2439505 b,110,24.5 Jupiters,14.244,2013,https://exoplanets.nasa.gov/exoplanet-catalog/7062/2mass-j01225093-2439505-b/,Gas Giant,2013,24.5 Jupiters,1.0 x Jupiter,52.0 AU,593.2 years,0.0
2MASS J02192210-3925225 b,131,13.9 Jupiters,15.0123,2015,https://exoplanets.nasa.gov/exoplanet-catalog/7063/2mass-j02192210-3925225-b/,Gas Giant,2015,13.9 Jupiters,1.44 x Jupiter,156.0 AU,5878.1 years,0.0
2MASS J04414489+2301513 b,393,7.5 Jupiters,18.9668,2010,https://exoplanets.nasa.gov/exoplanet-catalog/7064/2mass-j044144892301513-b/,Gas Giant,2010,7.5 Jupiters,1.13 x Jupiter,15.0 AU,411 years,0.0
2MASS J12073346-3932539 b,210,5 Jupiters,20.15,2004,https://exoplanets.nasa.gov/exoplanet-catalog/7065/2mass-j12073346-3932539-b/,Gas Giant,2004,5 Jupiters,1.15 x Jupiter,55.0 AU,2885.9 years,0.0
2MASS J19383260+4603591 b,1293,1.9 Jupiters,12.651,2015,https://exoplanets.nasa.gov/exoplanet-catalog/7108/2mass-j193832604603591-b/,Gas Giant,2015,1.9 Jupiters,1.2 x Jupiter,0.92 AU,416 days,0.0
2MASS J21402931+1625183 A b,108,20.95 Jupiters,17.3961,2009,https://exoplanets.nasa.gov/exoplanet-catalog/7066/2mass-j214029311625183-a-b/,Gas Giant,2009,20.95 Jupiters,0.92 x Jupiter,Unknown,20.1 years,0.26
2MASS J22362452+4751425 b,227,12.5 Jupiters,12.368,2016,https://exoplanets.nasa.gov/exoplanet-catalog/7239/2mass-j223624524751425-b/,Gas Giant,2016,12.5 Jupiters,1.1 x Jupiter,230.0 AU,4505.7 years,0.0
30 Arietis B b,146,13.82 Jupiters,7.09209,2009,https://exoplanets.nasa.gov/exoplanet-catalog/6996/30-arietis-b-b/,Gas Giant,2009,13.82 Jupiters,1.1 x Jupiter,0.99 AU,335.1 days,0.29
42 Draconis b,296,3.88 Jupiters,4.8262,2008,https://exoplanets.nasa.gov/exoplanet-catalog/6997/42-draconis-b/,Gas Giant,2008,3.88 Jupiters,1.16 x Jupiter,1.19 AU,479.1 days,0.38
47 Ursae Majoris b,45,2.53 Jupiters,5.03352,1996,https://exoplanets.nasa.gov/exoplanet-catalog/6998/47-ursae-majoris-b/,Gas Giant,1996,2.53 Jupiters,1.18 x Jupiter,2.1 AU,3 years,0.03
47 Ursae Majoris c,45,0.54 Jupiters,5.03352,2001,https://exoplanets.nasa.gov/exoplanet-catalog/6999/47-ursae-majoris-c/,Gas Giant,2001,0.54 Jupiters,1.27 x Jupiter,3.6 AU,6.6 years,0.1
47 Ursae Majoris d,45,1.64 Jupiters,5.03352,2009,https://exoplanets.nasa.gov/exoplanet-catalog/7000/47-ursae-majoris-d/,Gas Giant,2009,1.64 Jupiters,1.2 x Jupiter,11.6 AU,38.4 years,0.16
4 Ursae Majoris b,240,7.1 Jupiters,4.5801,2006,https://exoplanets.nasa.gov/exoplanet-catalog/6985/4-ursae-majoris-b/,Gas Giant,2006,7.1 Jupiters,1.13 x Jupiter,0.87 AU,269.3 days,0.43
51 Eridani b,97,2 Jupiters,5.21149,2015,https://exoplanets.nasa.gov/exoplanet-catalog/7109/51-eridani-b/,Gas Giant,2015,2 Jupiters,1.19 x Jupiter,13.2 AU,32 years,0.45
51 Pegasi b,50,0.46 Jupiters,5.45309,1995,https://exoplanets.nasa.gov/exoplanet-catalog/7001/51-pegasi-b/,Gas Giant,1995,0.46 Jupiters,1.27 x Jupiter,0.0527 AU,4.2 days,0.01
55 Cancri b,41,0.8306 Jupiters,5.95084,1996,https://exoplanets.nasa.gov/exoplanet-catalog/7002/55-cancri-b/,Gas Giant,1996,0.8306 Jupiters,1.24 x Jupiter,0.1134 AU,14.7 days,0.0
55 Cancri c,41,0.1714 Jupiters,5.95084,2004,https://exoplanets.nasa.gov/exoplanet-catalog/7003/55-cancri-c/,Gas Giant,2004,0.1714 Jupiters,0.76 x Jupiter,0.2373 AU,44.4 days,0.03
55 Cancri d,41,3.878 Jupiters,5.95084,2002,https://exoplanets.nasa.gov/exoplanet-catalog/7004/55-cancri-d/,Gas Giant,2002,3.878 Jupiters,1.16 x Jupiter,5.957 AU,15.3 years,0.13
55 Cancri e,41,7.99 Earths,5.95084,2004,https://exoplanets.nasa.gov/exoplanet-catalog/7005/55-cancri-e/,Super Earth,2004,7.99 Earths,1.875 x Earth,0.01544 AU,0.7 days,0.05
55 Cancri f,41,0.141 Jupiters,5.95084,2007,https://exoplanets.nasa.gov/exoplanet-catalog/7006/55-cancri-f/,Gas Giant,2007,0.141 Jupiters,0.677 x Jupiter,0.7708 AU,259.9 days,0.08
61 Virginis b,28,5.1 Earths,4.6955,2009,https://exoplanets.nasa.gov/exoplanet-catalog/7007/61-virginis-b/,Neptune-like,2009,5.1 Earths,2.11 x Earth,0.050201 AU,4.2 days,0.12
61 Virginis c,28,18.2 Earths,4.6955,2009,https://exoplanets.nasa.gov/exoplanet-catalog/7008/61-virginis-c/,Neptune-like,2009,18.2 Earths,0.398 x Jupiter,0.2175 AU,38 days,0.14
61 Virginis d,28,22.9 Earths,4.6955,2009,https://exoplanets.nasa.gov/exoplanet-catalog/7009/61-virginis-d/,Neptune-like,2009,22.9 Earths,0.456 x Jupiter,0.476 AU,123 days,0.35
6 Lyncis b,178,2.01 Jupiters,5.87307,2008,https://exoplanets.nasa.gov/exoplanet-catalog/6986/6-lyncis-b/,Gas Giant,2008,2.01 Jupiters,1.19 x Jupiter,2.11 AU,2.6 years,0.07
70 Virginis b,58,7.49 Jupiters,4.96808,1996,https://exoplanets.nasa.gov/exoplanet-catalog/7010/70-virginis-b/,Gas Giant,1996,7.49 Jupiters,1.13 x Jupiter,0.481 AU,116.7 days,0.4
75 Ceti b,271,3 Jupiters,5.3532,2012,https://exoplanets.nasa.gov/exoplanet-catalog/7011/75-ceti-b/,Gas Giant,2012,3 Jupiters,1.17 x Jupiter,2.1 AU,1.9 years,0.12
7 Canis Majoris b,65,1.85 Jupiters,3.95,2011,https://exoplanets.nasa.gov/exoplanet-catalog/6987/7-canis-majoris-b/,Gas Giant,2011,1.85 Jupiters,1.2 x Jupiter,1.758 AU,2 years,0.06
7 Canis Majoris c,65,0.87 Jupiters,3.95,2019,https://exoplanets.nasa.gov/exoplanet-catalog/7505/7-canis-majoris-c/,Gas Giant,2019,0.87 Jupiters,1.24 x Jupiter,2.153 AU,2.7 years,0.08
81 Ceti b,330,5.3 Jupiters,5.64307,2008,https://exoplanets.nasa.gov/exoplanet-catalog/7012/81-ceti-b/,Gas Giant,2008,5.3 Jupiters,1.14 x Jupiter,2.5 AU,2.6 years,0.21
8 Ursae Minoris b,530,1.31 Jupiters,6.83295,2015,https://exoplanets.nasa.gov/exoplanet-catalog/7100/8-ursae-minoris-b/,Gas Giant,2015,1.31 Jupiters,1.22 x Jupiter,0.49 AU,93.4 days,0.06
91 Aquarii b,144,3.2 Jupiters,4.23946,2013,https://exoplanets.nasa.gov/exoplanet-catalog/7013/91-aquarii-b/,Gas Giant,2013,3.2 Jupiters,1.17 x Jupiter,0.7 AU,181.4 days,0.03
AB Pictoris b,163,13.5 Jupiters,9.13,2005,https://exoplanets.nasa.gov/exoplanet-catalog/7014/ab-pictoris-b/,Gas Giant,2005,13.5 Jupiters,1.1 x Jupiter,260.0 AU,4421.7 years,0.0
Alpha Arietis b,66,1.8 Jupiters,2.00538,2010,https://exoplanets.nasa.gov/exoplanet-catalog/7038/alpha-arietis-b/,Gas Giant,2010,1.8 Jupiters,1.2 x Jupiter,1.2 AU,380.8 days,0.25
Alpha Tauri b,67,6.47 Jupiters,0.872,2015,https://exoplanets.nasa.gov/exoplanet-catalog/7107/alpha-tauri-b/,Gas Giant,2015,6.47 Jupiters,1.13 x Jupiter,1.46 AU,1.7 years,0.1
AU Microscopii b,32,17 Earths,8.81,2020,https://exoplanets.nasa.gov/exoplanet-catalog/7635/au-microscopii-b/,Neptune-like,2020,17 Earths,0.363 x Jupiter,0.0645 AU,8.5 days,0.0
AU Microscopii c,32,13.6 Earths,8.81,2021,https://exoplanets.nasa.gov/exoplanet-catalog/7939/au-microscopii-c/,Neptune-like,2021,13.6 Earths,0.289 x Jupiter,0.1101 AU,18.9 days,0.0
BD-00 4475 b,139,25.05 Jupiters,9.01,2021,https://exoplanets.nasa.gov/exoplanet-catalog/7871/bd-00-4475-b/,Gas Giant,2021,25.05 Jupiters,1.07 x Jupiter,1.48 AU,2 years,0.39
BD+03 2562 b,3492,6.4 Jupiters,9.577,2017,https://exoplanets.nasa.gov/exoplanet-catalog/7176/bd03-2562-b/,Gas Giant,2017,6.4 Jupiters,1.13 x Jupiter,1.3 AU,481.9 days,0.2
BD-06 1339 b,66,8.5 Earths,9.7,2013,https://exoplanets.nasa.gov/exoplanet-catalog/7073/bd-06-1339-b/,Neptune-like,2013,8.5 Earths,0.254 x Jupiter,0.0428 AU,3.9 days,0.0
BD-06 1339 c,66,0.17 Jupiters,9.7,2013,https://exoplanets.nasa.gov/exoplanet-catalog/7074/bd-06-1339-c/,Gas Giant,2013,0.17 Jupiters,0.747 x Jupiter,0.435 AU,125.9 days,0.31
BD-08 2823 b,135,12.7132 Earths,9.86,2009,https://exoplanets.nasa.gov/exoplanet-catalog/7071/bd-08-2823-b/,Neptune-like,2009,12.7132 Earths,0.322 x Jupiter,0.06 AU,5.6 days,0.15
BD-08 2823 c,135,0.33 Jupiters,9.86,2009,https://exoplanets.nasa.gov/exoplanet-catalog/7072/bd-08-2823-c/,Gas Giant,2009,0.33 Jupiters,1.11 x Jupiter,0.68 AU,237.6 days,0.19
BD-10 3166 b,275,0.59 Jupiters,10.013,2000,https://exoplanets.nasa.gov/exoplanet-catalog/7070/bd-10-3166-b/,Gas Giant,2000,0.59 Jupiters,1.26 x Jupiter,0.04 AU,3.5 days,0.02
BD-11 4672 b,89,0.65 Jupiters,10.03,2014,https://exoplanets.nasa.gov/exoplanet-catalog/7069/bd-11-4672-b/,Gas Giant,2014,0.65 Jupiters,1.25 x Jupiter,2.36 AU,4.5 years,0.05
BD-11 4672 c,89,15.37 Earths,10.03,2020,https://exoplanets.nasa.gov/exoplanet-catalog/7664/bd-11-4672-c/,Neptune-like,2020,15.37 Earths,0.36 x Jupiter,0.3 AU,74.2 days,0.4
BD-13 2130 b,3018,9.78 Jupiters,10.038,2007,https://exoplanets.nasa.gov/exoplanet-catalog/7068/bd-13-2130-b/,Gas Giant,2007,9.78 Jupiters,1.11 x Jupiter,1.66 AU,2 years,0.21
BD+14 4559 b,161,1.04 Jupiters,9.78,2009,https://exoplanets.nasa.gov/exoplanet-catalog/7075/bd14-4559-b/,Gas Giant,2009,1.04 Jupiters,1.23 x Jupiter,0.78 AU,268.9 days,0.29
BD+15 2375 b,2505,1.061 Jupiters,10.41,2016,https://exoplanets.nasa.gov/exoplanet-catalog/7025/bd15-2375-b/,Gas Giant,2016,1.061 Jupiters,1.23 x Jupiter,0.576 AU,153.2 days,0.0
BD-06 1339 b,66,8.5 Earths,9.7,2013,https://exoplanets.nasa.gov/exoplanet-catalog/7073/bd-06-1339-b/,Neptune-like,2013,8.5 Earths,0.254 x Jupiter,0.0428 AU,3.9 days,0.0
BD-06 1339 c,66,0.17 Jupiters,9.7,2013,https://exoplanets.nasa.gov/exoplanet-catalog/7074/bd-06-1339-c/,Gas Giant,2013,0.17 Jupiters,0.747 x Jupiter,0.435 AU,125.9 days,0.31
BD-08 2823 b,135,12.7132 Earths,9.86,2009,https://exoplanets.nasa.gov/exoplanet-catalog/7071/bd-08-2823-b/,Neptune-like,2009,12.7132 Earths,0.322 x Jupiter,0.06 AU,5.6 days,0.15
BD-08 2823 c,135,0.33 Jupiters,9.86,2009,https://exoplanets.nasa.gov/exoplanet-catalog/7072/bd-08-2823-c/,Gas Giant,2009,0.33 Jupiters,1.11 x Jupiter,0.68 AU,237.6 days,0.19
BD-10 3166 b,275,0.59 Jupiters,10.013,2000,https://exoplanets.nasa.gov/exoplanet-catalog/7070/bd-10-3166-b/,Gas Giant,2000,0.59 Jupiters,1.26 x Jupiter,0.04 AU,3.5 days,0.02
BD-11 4672 b,89,0.65 Jupiters,10.03,2014,https://exoplanets.nasa.gov/exoplanet-catalog/7069/bd-11-4672-b/,Gas Giant,2014,0.65 Jupiters,1.25 x Jupiter,2.36 AU,4.5 years,0.05
BD-11 4672 c,89,15.37 Earths,10.03,2020,https://exoplanets.nasa.gov/exoplanet-catalog/7664/bd-11-4672-c/,Neptune-like,2020,15.37 Earths,0.36 x Jupiter,0.3 AU,74.2 days,0.4
BD-13 2130 b,3018,9.78 Jupiters,10.038,2007,https://exoplanets.nasa.gov/exoplanet-catalog/7068/bd-13-2130-b/,Gas Giant,2007,9.78 Jupiters,1.11 x Jupiter,1.66 AU,2 years,0.21
BD+14 4559 b,161,1.04 Jupiters,9.78,2009,https://exoplanets.nasa.gov/exoplanet-catalog/7075/bd14-4559-b/,Gas Giant,2009,1.04 Jupiters,1.23 x Jupiter,0.78 AU,268.9 days,0.29
BD+15 2375 b,2505,1.061 Jupiters,10.41,2016,https://exoplanets.nasa.gov/exoplanet-catalog/7025/bd15-2375-b/,Gas Giant,2016,1.061 Jupiters,1.23 x Jupiter,0.576 AU,153.2 days,0.0
BD+55 362 b,171,0.72 Jupiters,9.38,2021,https://exoplanets.nasa.gov/exoplanet-catalog/7873/bd55-362-b/,Gas Giant,2021,0.72 Jupiters,1.25 x Jupiter,0.78 AU,265.6 days,0.27
BD+63 1405 b,124,3.96 Jupiters,8.96,2021,https://exoplanets.nasa.gov/exoplanet-catalog/7869/bd63-1405-b/,Gas Giant,2021,3.96 Jupiters,1.16 x Jupiter,2.06 AU,3.3 years,0.88
Beta Cancri b,290,7.8 Jupiters,3.51012,2014,https://exoplanets.nasa.gov/exoplanet-catalog/7039/beta-cancri-b/,Gas Giant,2014,7.8 Jupiters,1.12 x Jupiter,1.7 AU,1.7 years,0.08
Beta Pictoris b,64,11 Jupiters,3.85,2008,https://exoplanets.nasa.gov/exoplanet-catalog/7040/beta-pictoris-b/,Gas Giant,2008,11 Jupiters,1.65 x Jupiter,9.1 AU,21 years,0.08
Beta Pictoris c,64,9 Jupiters,3.85,2019,https://exoplanets.nasa.gov/exoplanet-catalog/7461/beta-pictoris-c/,Gas Giant,2019,9 Jupiters,1.12 x Jupiter,2.7 AU,3.3 years,0.24
Beta Ursae Minoris b,126,6.1 Jupiters,2.0569,2014,https://exoplanets.nasa.gov/exoplanet-catalog/7041/beta-ursae-minoris-b/,Gas Giant,2014,6.1 Jupiters,1.14 x Jupiter,1.4 AU,1.4 years,0.19
CD Ceti b,28,3.95 Earths,13.95,2020,https://exoplanets.nasa.gov/exoplanet-catalog/8025/cd-ceti-b/,Super Earth,2020,3.95 Earths,1.82 x Earth,0.0185 AU,2.3 days,0.0
CFBDSIR J145829+101343 b,75,10.5 Jupiters,,2011,https://exoplanets.nasa.gov/exoplanet-catalog/6567/cfbdsir-j145829101343-b/,Gas Giant,2011,10.5 Jupiters,1.11 x Jupiter,2.6 AU,27.5 years,0.0
CFHTWIR-Oph 98 b,,7.8 Jupiters,,2021,https://exoplanets.nasa.gov/exoplanet-catalog/7861/cfhtwir-oph-98-b/,Gas Giant,2021,7.8 Jupiters,1.86 x Jupiter,200.0 AU,22027.4 years,0.0
CHXR 73 b,621,12.569 Jupiters,17.2934,2006,https://exoplanets.nasa.gov/exoplanet-catalog/6568/chxr-73-b/,Gas Giant,2006,12.569 Jupiters,1.1 x Jupiter,210.0 AU,5146.9 years,0.0
BD+55 362 b,171,0.72 Jupiters,9.38,2021,https://exoplanets.nasa.gov/exoplanet-catalog/7873/bd55-362-b/,Gas Giant,2021,0.72 Jupiters,1.25 x Jupiter,0.78 AU,265.6 days,0.27
BD+63 1405 b,124,3.96 Jupiters,8.96,2021,https://exoplanets.nasa.gov/exoplanet-catalog/7869/bd63-1405-b/,Gas Giant,2021,3.96 Jupiters,1.16 x Jupiter,2.06 AU,3.3 years,0.88
Beta Cancri b,290,7.8 Jupiters,3.51012,2014,https://exoplanets.nasa.gov/exoplanet-catalog/7039/beta-cancri-b/,Gas Giant,2014,7.8 Jupiters,1.12 x Jupiter,1.7 AU,1.7 years,0.08
Beta Pictoris b,64,11 Jupiters,3.85,2008,https://exoplanets.nasa.gov/exoplanet-catalog/7040/beta-pictoris-b/,Gas Giant,2008,11 Jupiters,1.65 x Jupiter,9.1 AU,21 years,0.08
Beta Pictoris c,64,9 Jupiters,3.85,2019,https://exoplanets.nasa.gov/exoplanet-catalog/7461/beta-pictoris-c/,Gas Giant,2019,9 Jupiters,1.12 x Jupiter,2.7 AU,3.3 years,0.24
Beta Ursae Minoris b,126,6.1 Jupiters,2.0569,2014,https://exoplanets.nasa.gov/exoplanet-catalog/7041/beta-ursae-minoris-b/,Gas Giant,2014,6.1 Jupiters,1.14 x Jupiter,1.4 AU,1.4 years,0.19
CD Ceti b,28,3.95 Earths,13.95,2020,https://exoplanets.nasa.gov/exoplanet-catalog/8025/cd-ceti-b/,Super Earth,2020,3.95 Earths,1.82 x Earth,0.0185 AU,2.3 days,0.0
CFBDSIR J145829+101343 b,75,10.5 Jupiters,,2011,https://exoplanets.nasa.gov/exoplanet-catalog/6567/cfbdsir-j145829101343-b/,Gas Giant,2011,10.5 Jupiters,1.11 x Jupiter,2.6 AU,27.5 years,0.0
CFHTWIR-Oph 98 b,,7.8 Jupiters,,2021,https://exoplanets.nasa.gov/exoplanet-catalog/7861/cfhtwir-oph-98-b/,Gas Giant,2021,7.8 Jupiters,1.86 x Jupiter,200.0 AU,22027.4 years,0.0
CHXR 73 b,621,12.569 Jupiters,17.2934,2006,https://exoplanets.nasa.gov/exoplanet-catalog/6568/chxr-73-b/,Gas Giant,2006,12.569 Jupiters,1.1 x Jupiter,210.0 AU,5146.9 years,0.0
CoRoT-19 b,2579,1.11 Jupiters,14.135,2011,https://exoplanets.nasa.gov/exoplanet-catalog/1333/corot-19-b/,Gas Giant,2011,1.11 Jupiters,1.29 x Jupiter,0.0518 AU,3.9 days,0.05
CoRoT-1 b,2570,1.03 Jupiters,13.623,2008,https://exoplanets.nasa.gov/exoplanet-catalog/1237/corot-1-b/,Gas Giant,2008,1.03 Jupiters,1.49 x Jupiter,0.02752 AU,1.5 days,0.0
CoRoT-20 b,2753,4.3 Jupiters,14.63,2011,https://exoplanets.nasa.gov/exoplanet-catalog/4933/corot-20-b/,Gas Giant,2011,4.3 Jupiters,0.84 x Jupiter,0.09 AU,9.2 days,0.59
CoRoT-20 c,2753,17 Jupiters,14.63,2018,https://exoplanets.nasa.gov/exoplanet-catalog/6349/corot-20-c/,Gas Giant,2018,17 Jupiters,1.09 x Jupiter,2.9 AU,4.6 years,0.6
CoRoT-21 b,4563,2.26 Jupiters,16.058,2012,https://exoplanets.nasa.gov/exoplanet-catalog/6429/corot-21-b/,Gas Giant,2012,2.26 Jupiters,1.3 x Jupiter,0.0417 AU,2.7 days,0.0
CoRoT-22 b,2046,12.2 Earths,13.82,2014,https://exoplanets.nasa.gov/exoplanet-catalog/1334/corot-22-b/,Neptune-like,2014,12.2 Earths,0.435 x Jupiter,0.092 AU,9.8 days,0.08
CoRoT-23 b,3461,2.8 Jupiters,15.675,2011,https://exoplanets.nasa.gov/exoplanet-catalog/1335/corot-23-b/,Gas Giant,2011,2.8 Jupiters,1.05 x Jupiter,0.048 AU,3.6 days,0.16
CoRoT-24 b,1930,5.7 Earths,15.383,2014,https://exoplanets.nasa.gov/exoplanet-catalog/4934/corot-24-b/,Neptune-like,2014,5.7 Earths,0.33 x Jupiter,0.056 AU,5.1 days,0.0
CoRoT-24 c,1930,28 Earths,15.383,2014,https://exoplanets.nasa.gov/exoplanet-catalog/1336/corot-24-c/,Neptune-like,2014,28 Earths,0.44 x Jupiter,0.098 AU,11.8 days,0.0
CoRoT-25 b,3600,0.27 Jupiters,14.79,2013,https://exoplanets.nasa.gov/exoplanet-catalog/1337/corot-25-b/,Gas Giant,2013,0.27 Jupiters,1.08 x Jupiter,0.0578 AU,4.9 days,0.0
CoRoT-26 b,3409,0.52 Jupiters,15.861,2013,https://exoplanets.nasa.gov/exoplanet-catalog/4935/corot-26-b/,Gas Giant,2013,0.52 Jupiters,1.26 x Jupiter,0.0526 AU,4.2 days,0.0
CoRoT-27 b,3296,10.39 Jupiters,15.774,2014,https://exoplanets.nasa.gov/exoplanet-catalog/1338/corot-27-b/,Gas Giant,2014,10.39 Jupiters,1.007 x Jupiter,0.0476 AU,3.6 days,< 0.065
CoRoT-28 b,2499,0.484 Jupiters,13.783,2015,https://exoplanets.nasa.gov/exoplanet-catalog/1339/corot-28-b/,Gas Giant,2015,0.484 Jupiters,0.955 x Jupiter,0.0603 AU,5.2 days,0.05
CoRoT-29 b,2631,0.85 Jupiters,15.408,2015,https://exoplanets.nasa.gov/exoplanet-catalog/1340/corot-29-b/,Gas Giant,2015,0.85 Jupiters,0.9 x Jupiter,0.0386 AU,2.9 days,0.08
CoRoT-2 b,696,3.47 Jupiters,12.516,2008,https://exoplanets.nasa.gov/exoplanet-catalog/1238/corot-2-b/,Gas Giant,2008,3.47 Jupiters,1.466 x Jupiter,0.02798 AU,1.7 days,0.01
CoRoT-30 b,3367,2.9 Jupiters,15.571,2020,https://exoplanets.nasa.gov/exoplanet-catalog/7609/corot-30-b/,Gas Giant,2020,2.9 Jupiters,1.009 x Jupiter,0.0844 AU,9.1 days,0.01
CoRoT-31 b,6543,0.84 Jupiters,15.479,2020,https://exoplanets.nasa.gov/exoplanet-catalog/7610/corot-31-b/,Gas Giant,2020,0.84 Jupiters,1.46 x Jupiter,0.0586 AU,4.6 days,0.02
CoRoT-3 b,2508,21.66 Jupiters,13.448,2008,https://exoplanets.nasa.gov/exoplanet-catalog/4936/corot-3-b/,Gas Giant,2008,21.66 Jupiters,1.01 x Jupiter,0.05783 AU,4.3 days,0.0
CoRoT-4 b,2370,0.72 Jupiters,13.652,2008,https://exoplanets.nasa.gov/exoplanet-catalog/1239/corot-4-b/,Gas Giant,2008,0.72 Jupiters,1.19 x Jupiter,0.09 AU,9.2 days,0.0
CoRoT-5 b,2879,0.467 Jupiters,14.043,2009,https://exoplanets.nasa.gov/exoplanet-catalog/1240/corot-5-b/,Gas Giant,2009,0.467 Jupiters,1.388 x Jupiter,0.04947 AU,4 days,0.09
CoRoT-6 b,2105,2.96 Jupiters,13.961,2009,https://exoplanets.nasa.gov/exoplanet-catalog/1241/corot-6-b/,Gas Giant,2009,2.96 Jupiters,1.166 x Jupiter,0.0855 AU,8.9 days,< 0.1
CoRoT-7 b,522,4.07661 Earths,11.728,2009,https://exoplanets.nasa.gov/exoplanet-catalog/1242/corot-7-b/,Super Earth,2009,4.07661 Earths,1.681 x Earth,0.017016 AU,0.9 days,0.0
CoRoT-7 c,522,8.4 Earths,11.728,2009,https://exoplanets.nasa.gov/exoplanet-catalog/4937/corot-7-c/,Neptune-like,2009,8.4 Earths,0.253 x Jupiter,0.046 AU,3.7 days,0.0
CoRoT-8 b,1050,0.22 Jupiters,14.792,2010,https://exoplanets.nasa.gov/exoplanet-catalog/1243/corot-8-b/,Gas Giant,2010,0.22 Jupiters,0.57 x Jupiter,0.063 AU,6.2 days,0.0
CoRoT-9 b,1347,0.84 Jupiters,13.637,2009,https://exoplanets.nasa.gov/exoplanet-catalog/1244/corot-9-b/,Gas Giant,2009,0.84 Jupiters,1.066 x Jupiter,0.4021 AU,95.3 days,0.13
CoRoTID 223977153 b,1881,0.15 Jupiters,13.626,2017,https://exoplanets.nasa.gov/exoplanet-catalog/7334/corotid-223977153-b/,Gas Giant,2017,0.15 Jupiters,0.57 x Jupiter,0.071 AU,6.7 days,0.0
CT Chamaleontis b,622,17 Jupiters,12.335,2007,https://exoplanets.nasa.gov/exoplanet-catalog/7015/ct-chamaleontis-b/,Gas Giant,2007,17 Jupiters,2.2 x Jupiter,440.0 AU,Infinity years,0.0
DE Canun Venaticorum b,100,12.0293 Jupiters,12.956,2018,https://exoplanets.nasa.gov/exoplanet-catalog/7433/de-canun-venaticorum-b/,Gas Giant,2018,12.0293 Jupiters,1.1 x Jupiter,5.75 AU,11.2 years,0.0
DENIS-P J082303.1-491201 b,68,28.5 Jupiters,18.5577,2013,https://exoplanets.nasa.gov/exoplanet-catalog/6569/denis-p-j0823031-491201-b/,Gas Giant,2013,28.5 Jupiters,1.06 x Jupiter,0.36 AU,246.4 days,0.35
DH Tauri b,440,11 Jupiters,13.98,2004,https://exoplanets.nasa.gov/exoplanet-catalog/7016/dh-tauri-b/,Gas Giant,2004,11 Jupiters,2.7 x Jupiter,330.0 AU,10441.5 years,0.0
DMPP-1 b,204,24.27 Earths,7.98,2019,https://exoplanets.nasa.gov/exoplanet-catalog/7548/dmpp-1-b/,Neptune-like,2019,24.27 Earths,0.472 x Jupiter,0.1462 AU,18.6 days,< 0.083
DMPP-1 c,204,9.6 Earths,7.98,2019,https://exoplanets.nasa.gov/exoplanet-catalog/7549/dmpp-1-c/,Neptune-like,2019,9.6 Earths,0.273 x Jupiter,0.0733 AU,6.6 days,< 0.057
DMPP-1 d,204,3.35 Earths,7.98,2019,https://exoplanets.nasa.gov/exoplanet-catalog/7551/dmpp-1-d/,Super Earth,2019,3.35 Earths,1.65 x Earth,0.0422 AU,2.9 days,< 0.07
DMPP-1 e,204,4.13 Earths,7.98,2019,https://exoplanets.nasa.gov/exoplanet-catalog/7552/dmpp-1-e/,Super Earth,2019,4.13 Earths,1.86 x Earth,0.0651 AU,5.5 days,< 0.07
DMPP-2 b,450,0.437 Jupiters,8.57,2019,https://exoplanets.nasa.gov/exoplanet-catalog/7553/dmpp-2-b/,Gas Giant,2019,0.437 Jupiters,1.28 x Jupiter,0.0664 AU,5.2 days,0.08
DMPP-3 A b,148,2.58 Earths,9.066,2019,https://exoplanets.nasa.gov/exoplanet-catalog/7577/dmpp-3-a-b/,Super Earth,2019,2.58 Earths,1.41 x Earth,0.0662 AU,6.7 days,0.14
DP Leonis b,997,6.28 Jupiters,18.6837,2009,https://exoplanets.nasa.gov/exoplanet-catalog/7017/dp-leonis-b/,Gas Giant,2009,6.28 Jupiters,1.14 x Jupiter,8.19 AU,28 years,0.39
DS Tucanae A b,144,1.3 Jupiters,8.17,2019,https://exoplanets.nasa.gov/exoplanet-catalog/7427/ds-tucanae-a-b/,Neptune-like,2019,1.3 Jupiters,0.509 x Jupiter,Unknown,8.1 days,0.0
EPIC 201170410.02,437,1.15 Earths,17.6984,2020,https://exoplanets.nasa.gov/exoplanet-catalog/7771/epic-20117041002/,Super Earth,2020,1.15 Earths,1.047 x Earth,0.0349 AU,6.8 days,0.0
EPIC 201238110 b,520,4.16 Earths,16.014,2019,https://exoplanets.nasa.gov/exoplanet-catalog/7390/epic-201238110-b/,Super Earth,2019,4.16 Earths,1.87 x Earth,Unknown,28.2 days,0.0
EPIC 201427007 b,2304,2.86 Earths,14.321,2021,https://exoplanets.nasa.gov/exoplanet-catalog/8018/epic-201427007-b/,Super Earth,2021,2.86 Earths,1.5 x Earth,Unknown,0.7 days,0.0
EPIC 201497682 b,825,0.26 Earths,13.948,2019,https://exoplanets.nasa.gov/exoplanet-catalog/7391/epic-201497682-b/,Terrestrial,2019,0.26 Earths,0.692 x Earth,Unknown,2.1 days,0.0
EPIC 201595106 b,757,2.24 Earths,11.746,2021,https://exoplanets.nasa.gov/exoplanet-catalog/8012/epic-201595106-b/,Super Earth,2021,2.24 Earths,1.3 x Earth,Unknown,0.9 days,0.0
EPIC 201615463 c,1556,1.98 Earths,12.081,2019,https://exoplanets.nasa.gov/exoplanet-catalog/7392/epic-201615463-c/,Super Earth,2019,1.98 Earths,1.22 x Earth,Unknown,3.8 days,0.0
EPIC 201754305 d,1093,1.08 Earths,14.668,2019,https://exoplanets.nasa.gov/exoplanet-catalog/7393/epic-201754305-d/,Super Earth,2019,1.08 Earths,1.03 x Earth,Unknown,2.7 days,0.0
EPIC 201757695.02,1884,0.688 Earths,14.974,2020,https://exoplanets.nasa.gov/exoplanet-catalog/7772/epic-20175769502/,Terrestrial,2020,0.688 Earths,0.908 x Earth,0.0296 AU,2 days,0.0
EPIC 201833600 c,840,0.972 Earths,14.705,2019,https://exoplanets.nasa.gov/exoplanet-catalog/7394/epic-201833600-c/,Terrestrial,2019,0.972 Earths,1.0 x Earth,Unknown,4 days,0.0
EPIC 201841433 b,1424,1.12 Earths,14.983,2019,https://exoplanets.nasa.gov/exoplanet-catalog/7395/epic-201841433-b/,Super Earth,2019,1.12 Earths,1.04 x Earth,0.035 AU,4.2 days,0.0
EPIC 205950854 c,796,2.27 Earths,12.365,2019,https://exoplanets.nasa.gov/exoplanet-catalog/7396/epic-205950854-c/,Super Earth,2019,2.27 Earths,1.31 x Earth,Unknown,8.1 days,0.0
EPIC 206024342 b,1207,3.53 Earths,13.096,2019,https://exoplanets.nasa.gov/exoplanet-catalog/7397/epic-206024342-b/,Super Earth,2019,3.53 Earths,1.7 x Earth,Unknown,4.5 days,0.0
EPIC 206024342 c,1207,2.54 Earths,13.096,2021,https://exoplanets.nasa.gov/exoplanet-catalog/8023/epic-206024342-c/,Super Earth,2021,2.54 Earths,1.4 x Earth,Unknown,0.9 days,0.0
EPIC 206024342 d,1207,7.27 Earths,13.096,2021,https://exoplanets.nasa.gov/exoplanet-catalog/8022/epic-206024342-d/,Neptune-like,2021,7.27 Earths,0.232 x Jupiter,Unknown,14.6 days,0.0
EPIC 206032309 b,526,1.01 Earths,17.89,2019,https://exoplanets.nasa.gov/exoplanet-catalog/7398/epic-206032309-b/,Super Earth,2019,1.01 Earths,1.01 x Earth,Unknown,2.9 days,0.0
EPIC 206042996 b,1474,3.26 Earths,16.59,2019,https://exoplanets.nasa.gov/exoplanet-catalog/7399/epic-206042996-b/,Super Earth,2019,3.26 Earths,1.62 x Earth,Unknown,5.3 days,0.0
EPIC 206042996 c,1474,1.87 Earths,16.59,2021,https://exoplanets.nasa.gov/exoplanet-catalog/8024/epic-206042996-c/,Super Earth,2021,1.87 Earths,1.2 x Earth,Unknown,0.4 days,0.0
EPIC 206215704 b,358,0.666 Earths,17.83,2019,https://exoplanets.nasa.gov/exoplanet-catalog/7400/epic-206215704-b/,Terrestrial,2019,0.666 Earths,0.9 x Earth,Unknown,2.3 days,0.0
EPIC 206317286 b,1025,0.84 Earths,14.005,2019,https://exoplanets.nasa.gov/exoplanet-catalog/7401/epic-206317286-b/,Terrestrial,2019,0.84 Earths,0.96 x Earth,Unknown,1.6 days,0.0
EPIC 211822797 b,607,4.35 Earths,15.133,2016,https://exoplanets.nasa.gov/exoplanet-catalog/7170/epic-211822797-b/,Super Earth,2016,4.35 Earths,1.92 x Earth,0.1195 AU,21.2 days,0.06
EPIC 211945201 b,593,27 Earths,10.154,2018,https://exoplanets.nasa.gov/exoplanet-catalog/7279/epic-211945201-b/,Neptune-like,2018,27 Earths,0.514 x Jupiter,0.1493 AU,19.5 days,0.0
EPIC 212297394 b,1365,2.79 Earths,14.611,2019,https://exoplanets.nasa.gov/exoplanet-catalog/7402/epic-212297394-b/,Super Earth,2019,2.79 Earths,1.48 x Earth,Unknown,2.3 days,0.0
EPIC 212297394 c,1365,5.77 Earths,14.611,2016,https://exoplanets.nasa.gov/exoplanet-catalog/7981/epic-212297394-c/,Neptune-like,2016,5.77 Earths,0.203 x Jupiter,Unknown,5.2 days,0.0
EPIC 212424622 b,1996,5.35 Earths,13.441,2019,https://exoplanets.nasa.gov/exoplanet-catalog/7403/epic-212424622-b/,Neptune-like,2019,5.35 Earths,2.17 x Earth,Unknown,18.1 days,0.0
EPIC 212499991 b,924,3.19 Earths,13.672,2019,https://exoplanets.nasa.gov/exoplanet-catalog/7404/epic-212499991-b/,Super Earth,2019,3.19 Earths,1.6 x Earth,Unknown,34.9 days,0.0
EPIC 212587672 b,1044,2.13 Earths,12.488,2019,https://exoplanets.nasa.gov/exoplanet-catalog/7405/epic-212587672-b/,Super Earth,2019,2.13 Earths,1.26 x Earth,Unknown,15.3 days,0.0
EPIC 212587672 c,1044,5.99 Earths,12.488,2016,https://exoplanets.nasa.gov/exoplanet-catalog/7985/epic-212587672-c/,Neptune-like,2016,5.99 Earths,0.207 x Jupiter,Unknown,23.2 days,0.0
EPIC 212624936 b,1833,1.87 Earths,13.976,2021,https://exoplanets.nasa.gov/exoplanet-catalog/8019/epic-212624936-b/,Super Earth,2021,1.87 Earths,1.2 x Earth,Unknown,0.6 days,0.0
EPIC 212624936 c,1833,5.9 Earths,13.976,2021,https://exoplanets.nasa.gov/exoplanet-catalog/8014/epic-212624936-c/,Neptune-like,2021,5.9 Earths,0.205 x Jupiter,Unknown,11.8 days,0.0
EPIC 212737443 b,1097,7.2 Earths,14.81,2019,https://exoplanets.nasa.gov/exoplanet-catalog/7440/epic-212737443-b/,Neptune-like,2019,7.2 Earths,0.231 x Jupiter,0.098 AU,13.6 days,0.2
EPIC 212737443 c,1097,7.7 Earths,14.81,2019,https://exoplanets.nasa.gov/exoplanet-catalog/7441/epic-212737443-c/,Neptune-like,2019,7.7 Earths,0.24 x Jupiter,0.28 AU,65.6 days,0.2
EPIC 220492298 b,2037,0.937 Earths,13.991,2021,https://exoplanets.nasa.gov/exoplanet-catalog/8020/epic-220492298-b/,Terrestrial,2021,0.937 Earths,0.99 x Earth,Unknown,0.8 days,0.0
EPIC 220554210 c,1619,2.79 Earths,14.21,2019,https://exoplanets.nasa.gov/exoplanet-catalog/7406/epic-220554210-c/,Super Earth,2019,2.79 Earths,1.48 x Earth,Unknown,0.7 days,0.0
EPIC 220674823 b,798,7.72 Earths,12.101,2016,https://exoplanets.nasa.gov/exoplanet-catalog/7328/epic-220674823-b/,Super Earth,2016,7.72 Earths,1.82 x Earth,0.0134 AU,0.6 days,0.0
EPIC 220674823 c,798,5.8 Earths,12.101,2016,https://exoplanets.nasa.gov/exoplanet-catalog/7329/epic-220674823-c/,Neptune-like,2016,5.8 Earths,0.244 x Jupiter,0.1091 AU,13.3 days,0.18
EPIC 228836835 b,490,1.37 Earths,16.77,2021,https://exoplanets.nasa.gov/exoplanet-catalog/8013/epic-228836835-b/,Super Earth,2021,1.37 Earths,1.1 x Earth,Unknown,0.7 days,0.0
EPIC 246851721 b,1216,3 Jupiters,11.237,2018,https://exoplanets.nasa.gov/exoplanet-catalog/7256/epic-246851721-b/,Gas Giant,2018,3 Jupiters,1.051 x Jupiter,0.07229 AU,6.2 days,0.0
EPIC 248847494 b,1800,13 Jupiters,12.353,2018,https://exoplanets.nasa.gov/exoplanet-catalog/7435/epic-248847494-b/,Gas Giant,2018,13 Jupiters,1.11 x Jupiter,4.5 AU,10 years,0.0
EPIC 249893012 b,1048,8.75 Earths,11.429,2020,https://exoplanets.nasa.gov/exoplanet-catalog/7588/epic-249893012-b/,Super Earth,2020,8.75 Earths,1.95 x Earth,0.047 AU,3.6 days,0.06
EPIC 249893012 c,1048,14.67 Earths,11.429,2020,https://exoplanets.nasa.gov/exoplanet-catalog/7589/epic-249893012-c/,Neptune-like,2020,14.67 Earths,0.327 x Jupiter,0.13 AU,15.6 days,0.07
EPIC 249893012 d,1048,10.18 Earths,11.429,2020,https://exoplanets.nasa.gov/exoplanet-catalog/7590/epic-249893012-d/,Neptune-like,2020,10.18 Earths,0.352 x Jupiter,0.22 AU,35.7 days,0.15
Epsilon Coronae Borealis b,228,6.7 Jupiters,4.12577,2012,https://exoplanets.nasa.gov/exoplanet-catalog/7043/epsilon-coronae-borealis-b/,Gas Giant,2012,6.7 Jupiters,1.13 x Jupiter,1.3 AU,417.9 days,0.11
Epsilon Eridani b,10,0.78 Jupiters,3.71548,2000,https://exoplanets.nasa.gov/exoplanet-catalog/7042/epsilon-eridani-b/,Gas Giant,2000,0.78 Jupiters,1.24 x Jupiter,3.5 AU,7.4 years,0.07
Epsilon Indi A b,12,3.25 Jupiters,4.69,2019,https://exoplanets.nasa.gov/exoplanet-catalog/7511/epsilon-indi-a-b/,Gas Giant,2019,3.25 Jupiters,1.17 x Jupiter,11.55 AU,45.2 years,0.26
Epsilon Tauri b,155,7.6 Jupiters,3.523,2006,https://exoplanets.nasa.gov/exoplanet-catalog/7044/epsilon-tauri-b/,Gas Giant,2006,7.6 Jupiters,1.13 x Jupiter,1.93 AU,1.6 years,0.15
FU Tauri b,435,16 Jupiters,15.2412,2008,https://exoplanets.nasa.gov/exoplanet-catalog/7028/fu-tauri-b/,Gas Giant,2008,16 Jupiters,1.09 x Jupiter,800.0 AU,101250.8 years,0.0
G 264-012 b,52,2.5 Earths,13.078,2021,https://exoplanets.nasa.gov/exoplanet-catalog/7904/g-264-012-b/,Super Earth,2021,2.5 Earths,1.39 x Earth,0.02279 AU,2.3 days,0.0
G 264-012 c,52,3.75 Earths,13.078,2021,https://exoplanets.nasa.gov/exoplanet-catalog/7905/g-264-012-c/,Super Earth,2021,3.75 Earths,1.76 x Earth,0.0525 AU,8.1 days,0.0
G 9-40 b,91,4.76 Earths,13.821,2019,https://exoplanets.nasa.gov/exoplanet-catalog/7545/g-9-40-b/,Super Earth,2019,4.76 Earths,2.025 x Earth,0.0385 AU,5.7 days,0.0
Gamma 1 Leonis b,130,8.78 Jupiters,1.99509,2009,https://exoplanets.nasa.gov/exoplanet-catalog/7045/gamma-1-leonis-b/,Gas Giant,2009,8.78 Jupiters,1.12 x Jupiter,1.19 AU,428.5 days,0.14
Gamma Cephei b,46,9.4 Jupiters,3.23006,2003,https://exoplanets.nasa.gov/exoplanet-catalog/7046/gamma-cephei-b/,Gas Giant,2003,9.4 Jupiters,1.12 x Jupiter,2.05 AU,2.5 years,0.05
Gamma Librae b,155,1.02 Jupiters,3.90672,2018,https://exoplanets.nasa.gov/exoplanet-catalog/7272/gamma-librae-b/,Gas Giant,2018,1.02 Jupiters,1.23 x Jupiter,1.24 AU,415.2 days,0.21
Gamma Librae c,155,4.58 Jupiters,3.90672,2018,https://exoplanets.nasa.gov/exoplanet-catalog/7273/gamma-librae-c/,Gas Giant,2018,4.58 Jupiters,1.15 x Jupiter,2.17 AU,2.6 years,0.06
GJ 1061 b,12,1.37 Earths,12.7,2020,https://exoplanets.nasa.gov/exoplanet-catalog/7591/gj-1061-b/,Super Earth,2020,1.37 Earths,1.1 x Earth,0.021 AU,3.2 days,< 0.31
GJ 1061 c,12,1.74 Earths,12.7,2020,https://exoplanets.nasa.gov/exoplanet-catalog/7592/gj-1061-c/,Super Earth,2020,1.74 Earths,1.18 x Earth,0.035 AU,6.7 days,< 0.29
GJ 1061 d,12,1.64 Earths,12.7,2020,https://exoplanets.nasa.gov/exoplanet-catalog/7593/gj-1061-d/,Super Earth,2020,1.64 Earths,1.16 x Earth,0.054 AU,13 days,< 0.53
GJ 1132 b,41,1.66 Earths,13.68,2015,https://exoplanets.nasa.gov/exoplanet-catalog/7106/gj-1132-b/,Super Earth,2015,1.66 Earths,1.13 x Earth,0.0153 AU,1.6 days,0.22
GJ 1132 c,41,2.64 Earths,13.68,2018,https://exoplanets.nasa.gov/exoplanet-catalog/7255/gj-1132-c/,Super Earth,2018,2.64 Earths,1.43 x Earth,0.0476 AU,8.9 days,< 0.27
GJ 1148 b,36,0.30425 Jupiters,11.939,2010,https://exoplanets.nasa.gov/exoplanet-catalog/6861/gj-1148-b/,Gas Giant,2010,0.30425 Jupiters,1.07 x Jupiter,0.166 AU,41.4 days,0.38
GJ 1148 c,36,0.21414 Jupiters,11.939,2017,https://exoplanets.nasa.gov/exoplanet-catalog/7221/gj-1148-c/,Gas Giant,2017,0.21414 Jupiters,0.866 x Jupiter,0.912 AU,1.5 years,0.34
GJ 1151 b,26,2.5 Earths,13.76,2021,https://exoplanets.nasa.gov/exoplanet-catalog/7844/gj-1151-b/,Super Earth,2021,2.5 Earths,1.39 x Earth,0.01735 AU,2 days,0.0
GJ 1214 b,48,8.17 Earths,15.1,2009,https://exoplanets.nasa.gov/exoplanet-catalog/6557/gj-1214-b/,Neptune-like,2009,8.17 Earths,0.245 x Jupiter,0.0149 AU,1.6 days,< 0.063
GJ 1252 b,66,2.09 Earths,12.68,2020,https://exoplanets.nasa.gov/exoplanet-catalog/7585/gj-1252-b/,Super Earth,2020,2.09 Earths,1.193 x Earth,0.00916 AU,0.5 days,0.0
GJ 1265 b,33,7.4 Earths,14.01,2018,https://exoplanets.nasa.gov/exoplanet-catalog/7361/gj-1265-b/,Neptune-like,2018,7.4 Earths,0.234 x Jupiter,0.026 AU,3.7 days,0.04
GJ 143 b,53,22.7 Earths,8.08,2019,https://exoplanets.nasa.gov/exoplanet-catalog/7337/gj-143-b/,Neptune-like,2019,22.7 Earths,0.233 x Jupiter,0.1915 AU,35.6 days,0.19
GJ 15 A b,12,3.03 Earths,8.09,2014,https://exoplanets.nasa.gov/exoplanet-catalog/7498/gj-15-a-b/,Super Earth,2014,3.03 Earths,1.55 x Earth,0.072 AU,11.4 days,0.09
GJ 15 A c,12,36 Earths,8.09,2018,https://exoplanets.nasa.gov/exoplanet-catalog/7499/gj-15-a-c/,Neptune-like,2018,36 Earths,0.595 x Jupiter,5.4 AU,20.8 years,0.27
GJ 160.2 b,84,10.2 Earths,9.7,2014,https://exoplanets.nasa.gov/exoplanet-catalog/7486/gj-1602-b/,Neptune-like,2014,10.2 Earths,0.283 x Jupiter,0.053 AU,5.2 days,0.06
GJ 163 b,49,10.6 Earths,11.79,2013,https://exoplanets.nasa.gov/exoplanet-catalog/6527/gj-163-b/,Neptune-like,2013,10.6 Earths,0.29 x Jupiter,0.0607 AU,8.6 days,0.07
GJ 163 c,49,6.8 Earths,11.79,2013,https://exoplanets.nasa.gov/exoplanet-catalog/6528/gj-163-c/,Neptune-like,2013,6.8 Earths,0.223 x Jupiter,0.1254 AU,25.6 days,0.1
GJ 163 d,49,29.4 Earths,11.79,2013,https://exoplanets.nasa.gov/exoplanet-catalog/6529/gj-163-d/,Neptune-like,2013,29.4 Earths,0.528 x Jupiter,1.0304 AU,1.7 years,0.37
GJ 179 b,40,0.82 Jupiters,11.963,2009,https://exoplanets.nasa.gov/exoplanet-catalog/6530/gj-179-b/,Gas Giant,2009,0.82 Jupiters,1.24 x Jupiter,2.41 AU,6.3 years,0.21
GJ 180 b,39,6.49 Earths,10.914,2014,https://exoplanets.nasa.gov/exoplanet-catalog/7487/gj-180-b/,Neptune-like,2014,6.49 Earths,0.217 x Jupiter,0.092 AU,17.1 days,0.07
GJ 180 c,39,6.4 Earths,10.914,2014,https://exoplanets.nasa.gov/exoplanet-catalog/7489/gj-180-c/,Neptune-like,2014,6.4 Earths,0.215 x Jupiter,0.129 AU,24.3 days,0.09
GJ 180 d,39,7.56 Earths,10.914,2020,https://exoplanets.nasa.gov/exoplanet-catalog/7581/gj-180-d/,Neptune-like,2020,7.56 Earths,0.237 x Jupiter,0.309 AU,106.3 days,0.14
GJ 2056 b,93,16.2 Earths,10.37,2020,https://exoplanets.nasa.gov/exoplanet-catalog/7672/gj-2056-b/,Neptune-like,2020,16.2 Earths,0.372 x Jupiter,0.283 AU,70 days,0.72
GJ 229 A c,19,7.268 Earths,8.15,2020,https://exoplanets.nasa.gov/exoplanet-catalog/7582/gj-229-a-c/,Neptune-like,2020,7.268 Earths,0.232 x Jupiter,0.339 AU,122 days,0.19
GJ 229 b,19,8.478 Earths,8.15,2014,https://exoplanets.nasa.gov/exoplanet-catalog/7491/gj-229-b/,Neptune-like,2014,8.478 Earths,0.254 x Jupiter,0.898 AU,1.4 years,0.1
GJ 251 b,18,4 Earths,9.89,2020,https://exoplanets.nasa.gov/exoplanet-catalog/7830/gj-251-b/,Super Earth,2020,4 Earths,1.83 x Earth,0.0818 AU,14.2 days,0.1
GJ 27.1 b,77,13 Earths,11.45,2014,https://exoplanets.nasa.gov/exoplanet-catalog/7484/gj-271-b/,Neptune-like,2014,13 Earths,0.327 x Jupiter,0.101 AU,15.8 days,0.08
GJ 273 b,19,2.89 Earths,9.84,2017,https://exoplanets.nasa.gov/exoplanet-catalog/7211/gj-273-b/,Super Earth,2017,2.89 Earths,1.51 x Earth,0.091101 AU,18.6 days,0.1
GJ 273 c,19,1.18 Earths,9.84,2017,https://exoplanets.nasa.gov/exoplanet-catalog/7212/gj-273-c/,Super Earth,2017,1.18 Earths,1.06 x Earth,0.036467 AU,4.7 days,0.17
GJ 3021 b,57,3.37 Jupiters,6.59,2000,https://exoplanets.nasa.gov/exoplanet-catalog/6558/gj-3021-b/,Gas Giant,2000,3.37 Jupiters,1.17 x Jupiter,0.49 AU,133.7 days,0.51
GJ 3082 b,54,8.2 Earths,11.041,2020,https://exoplanets.nasa.gov/exoplanet-catalog/7584/gj-3082-b/,Neptune-like,2020,8.2 Earths,0.249 x Jupiter,0.079 AU,11.9 days,0.22
GJ 3138 b,93,1.78 Earths,10.8275,2017,https://exoplanets.nasa.gov/exoplanet-catalog/7206/gj-3138-b/,Super Earth,2017,1.78 Earths,1.18 x Earth,0.0197 AU,1.2 days,0.19
GJ 3138 c,93,4.18 Earths,10.8275,2017,https://exoplanets.nasa.gov/exoplanet-catalog/7207/gj-3138-c/,Super Earth,2017,4.18 Earths,1.88 x Earth,0.057 AU,6 days,0.11
GJ 3138 d,93,10.5 Earths,10.8275,2017,https://exoplanets.nasa.gov/exoplanet-catalog/7208/gj-3138-d/,Neptune-like,2017,10.5 Earths,0.288 x Jupiter,0.698 AU,257.8 days,0.32
GJ 317 b,50,2.5 Jupiters,12.4,2007,https://exoplanets.nasa.gov/exoplanet-catalog/6531/gj-317-b/,Gas Giant,2007,2.5 Jupiters,1.18 x Jupiter,1.151 AU,1.9 years,0.07
GJ 317 c,50,1.64396 Jupiters,12.4,2018,https://exoplanets.nasa.gov/exoplanet-catalog/7291/gj-317-c/,Gas Giant,2018,1.64396 Jupiters,1.2 x Jupiter,5.23 AU,18.5 years,0.17
GJ 328 b,67,2.3 Jupiters,9.99,2013,https://exoplanets.nasa.gov/exoplanet-catalog/6532/gj-328-b/,Gas Giant,2013,2.3 Jupiters,1.19 x Jupiter,4.5 AU,11.2 years,0.37
GJ 3293 b,66,23.54 Earths,11.945,2015,https://exoplanets.nasa.gov/exoplanet-catalog/6559/gj-3293-b/,Neptune-like,2015,23.54 Earths,0.463 x Jupiter,0.14339 AU,30.6 days,0.06
GJ 3293 c,66,21.09 Earths,11.945,2015,https://exoplanets.nasa.gov/exoplanet-catalog/6560/gj-3293-c/,Neptune-like,2015,21.09 Earths,0.434 x Jupiter,0.36175 AU,122.6 days,0.11
GJ 3293 d,66,7.6 Earths,11.945,2017,https://exoplanets.nasa.gov/exoplanet-catalog/7213/gj-3293-d/,Neptune-like,2017,7.6 Earths,0.238 x Jupiter,0.19394 AU,48.1 days,0.12
GJ 3293 e,66,3.28 Earths,11.945,2017,https://exoplanets.nasa.gov/exoplanet-catalog/7214/gj-3293-e/,Super Earth,2017,3.28 Earths,1.63 x Earth,0.08208 AU,13.3 days,0.21
GJ 3323 b,18,2.02 Earths,12.57,2017,https://exoplanets.nasa.gov/exoplanet-catalog/7209/gj-3323-b/,Super Earth,2017,2.02 Earths,1.23 x Earth,0.03282 AU,5.4 days,0.23
GJ 3323 c,18,2.31 Earths,12.57,2017,https://exoplanets.nasa.gov/exoplanet-catalog/7210/gj-3323-c/,Super Earth,2017,2.31 Earths,1.32 x Earth,0.1264 AU,40.5 days,0.17
GJ 3341 b,77,6.6 Earths,12.062,2015,https://exoplanets.nasa.gov/exoplanet-catalog/6561/gj-3341-b/,Neptune-like,2015,6.6 Earths,0.219 x Jupiter,0.089 AU,14.2 days,0.31
GJ 338 B b,21,10.27 Earths,7.7,2020,https://exoplanets.nasa.gov/exoplanet-catalog/7645/gj-338-b-b/,Neptune-like,2020,10.27 Earths,0.284 x Jupiter,0.141 AU,24.5 days,0.11
GJ 3470 b,96,13.9 Earths,12.332,2012,https://exoplanets.nasa.gov/exoplanet-catalog/6562/gj-3470-b/,Neptune-like,2012,13.9 Earths,0.408 x Jupiter,0.0355 AU,3.3 days,0.02
GJ 3473 b,89,1.86 Earths,13.74,2020,https://exoplanets.nasa.gov/exoplanet-catalog/7763/gj-3473-b/,Super Earth,2020,1.86 Earths,1.264 x Earth,0.01589 AU,1.2 days,0.0
GJ 3473 c,89,7.41 Earths,13.74,2020,https://exoplanets.nasa.gov/exoplanet-catalog/7764/gj-3473-c/,Neptune-like,2020,7.41 Earths,0.235 x Jupiter,0.0876 AU,15.5 days,0.0
GJ 3512 b,31,0.463 Jupiters,15.18,2019,https://exoplanets.nasa.gov/exoplanet-catalog/7476/gj-3512-b/,Gas Giant,2019,0.463 Jupiters,1.27 x Jupiter,0.338 AU,203.6 days,0.44
GJ 357 b,31,1.84 Earths,10.91,2019,https://exoplanets.nasa.gov/exoplanet-catalog/7446/gj-357-b/,Super Earth,2019,1.84 Earths,1.217 x Earth,0.035 AU,3.9 days,0.0
GJ 357 c,31,3.4 Earths,10.91,2019,https://exoplanets.nasa.gov/exoplanet-catalog/7447/gj-357-c/,Super Earth,2019,3.4 Earths,1.66 x Earth,0.061 AU,9.1 days,0.0
GJ 357 d,31,6.1 Earths,10.91,2019,https://exoplanets.nasa.gov/exoplanet-catalog/7448/gj-357-d/,Neptune-like,2019,6.1 Earths,0.209 x Jupiter,0.204 AU,55.7 days,0.0
GJ 3634 b,66,8.4 Earths,11.938,2010,https://exoplanets.nasa.gov/exoplanet-catalog/6563/gj-3634-b/,Neptune-like,2010,8.4 Earths,0.253 x Jupiter,0.0287 AU,2.6 days,0.08
GJ 3779 b,45,8 Earths,13.04,2018,https://exoplanets.nasa.gov/exoplanet-catalog/7360/gj-3779-b/,Neptune-like,2018,8 Earths,0.245 x Jupiter,0.026 AU,3 days,0.07
GJ 393 b,23,1.71 Earths,9.65,2021,https://exoplanets.nasa.gov/exoplanet-catalog/7906/gj-393-b/,Super Earth,2021,1.71 Earths,1.17 x Earth,0.05402 AU,7 days,0.0
GJ 3942 b,55,7.14 Earths,10.166,2017,https://exoplanets.nasa.gov/exoplanet-catalog/7195/gj-3942-b/,Neptune-like,2017,7.14 Earths,0.229 x Jupiter,0.0608 AU,6.9 days,0.12
GJ 3998 b,59,2.47 Earths,10.844,2016,https://exoplanets.nasa.gov/exoplanet-catalog/7164/gj-3998-b/,Super Earth,2016,2.47 Earths,1.38 x Earth,0.029 AU,2.6 days,0.0
GJ 3998 c,59,6.26 Earths,10.844,2016,https://exoplanets.nasa.gov/exoplanet-catalog/7165/gj-3998-c/,Neptune-like,2016,6.26 Earths,0.212 x Jupiter,0.089 AU,13.7 days,0.05
GJ 411 b,19,2.69 Earths,7.49,2019,https://exoplanets.nasa.gov/exoplanet-catalog/7287/gj-411-b/,Super Earth,2019,2.69 Earths,1.45 x Earth,0.0789 AU,12.9 days,0.12
GJ 414 A b,39,7.6 Earths,8.31,2021,https://exoplanets.nasa.gov/exoplanet-catalog/7838/gj-414-a-b/,Neptune-like,2021,7.6 Earths,0.235 x Jupiter,0.2324 AU,50.8 days,0.45
GJ 414 A c,39,0.16937 Jupiters,8.31,2021,https://exoplanets.nasa.gov/exoplanet-catalog/7839/gj-414-a-c/,Gas Giant,2021,0.16937 Jupiters,0.749 x Jupiter,1.4 AU,2.1 years,0.11
GJ 422 b,41,11.07 Earths,11.66,2014,https://exoplanets.nasa.gov/exoplanet-catalog/7492/gj-422-b/,Neptune-like,2014,11.07 Earths,0.297 x Jupiter,0.111 AU,20.1 days,0.11
GJ 4276 b,70,16.57 Earths,12.903,2019,https://exoplanets.nasa.gov/exoplanet-catalog/7346/gj-4276-b/,Neptune-like,2019,16.57 Earths,0.377 x Jupiter,0.082 AU,13.4 days,0.37
GJ 433 b,30,6.043 Earths,9.81,2011,https://exoplanets.nasa.gov/exoplanet-catalog/6533/gj-433-b/,Neptune-like,2011,6.043 Earths,0.208 x Jupiter,0.062 AU,7.4 days,0.04
GJ 433 c,30,32.422 Earths,9.81,2014,https://exoplanets.nasa.gov/exoplanet-catalog/7494/gj-433-c/,Neptune-like,2014,32.422 Earths,0.56 x Jupiter,4.819 AU,14 years,0.12
GJ 433 d,30,5.223 Earths,9.81,2020,https://exoplanets.nasa.gov/exoplanet-catalog/7583/gj-433-d/,Neptune-like,2020,5.223 Earths,2.14 x Earth,0.178 AU,36.1 days,0.07
GJ 436 b,32,22.1 Earths,10.67,2004,https://exoplanets.nasa.gov/exoplanet-catalog/6534/gj-436-b/,Neptune-like,2004,22.1 Earths,0.372 x Jupiter,0.0291 AU,2.6 days,0.14
GJ 480 b,46,13.2 Earths,11.49,2020,https://exoplanets.nasa.gov/exoplanet-catalog/7673/gj-480-b/,Neptune-like,2020,13.2 Earths,0.33 x Jupiter,0.068 AU,9.6 days,0.1
GJ 486 b,26,2.82 Earths,11.39,2021,https://exoplanets.nasa.gov/exoplanet-catalog/7840/gj-486-b/,Super Earth,2021,2.82 Earths,1.305 x Earth,0.01734 AU,1.5 days,0.05
GJ 504 b,57,4 Jupiters,5.18799,2013,https://exoplanets.nasa.gov/exoplanet-catalog/6535/gj-504-b/,Gas Giant,2013,4 Jupiters,1.16 x Jupiter,43.5 AU,259.9 years,0.0
GJ 536 b,34,5.36 Earths,9.71,2016,https://exoplanets.nasa.gov/exoplanet-catalog/7247/gj-536-b/,Neptune-like,2016,5.36 Earths,2.17 x Earth,0.06661 AU,8.7 days,0.08
GJ 581 b,21,15.8 Earths,10.57,2005,https://exoplanets.nasa.gov/exoplanet-catalog/6536/gj-581-b/,Neptune-like,2005,15.8 Earths,0.366 x Jupiter,0.04061 AU,5.4 days,0.0
GJ 581 c,21,5.5 Earths,10.57,2007,https://exoplanets.nasa.gov/exoplanet-catalog/6537/gj-581-c/,Neptune-like,2007,5.5 Earths,2.21 x Earth,0.0721 AU,12.9 days,0.0
GJ 581 e,21,1.7 Earths,10.57,2009,https://exoplanets.nasa.gov/exoplanet-catalog/6538/gj-581-e/,Super Earth,2009,1.7 Earths,1.17 x Earth,0.02815 AU,3.1 days,0.0
GJ 625 b,21,2.82 Earths,10.066,2017,https://exoplanets.nasa.gov/exoplanet-catalog/7184/gj-625-b/,Super Earth,2017,2.82 Earths,1.49 x Earth,0.078361 AU,14.6 days,0.13
GJ 649 b,34,0.328 Jupiters,9.7,2009,https://exoplanets.nasa.gov/exoplanet-catalog/6539/gj-649-b/,Gas Giant,2009,0.328 Jupiters,1.11 x Jupiter,1.135 AU,1.6 years,0.3
GJ 667 C b,24,5.6 Earths,10.602,2011,https://exoplanets.nasa.gov/exoplanet-catalog/6540/gj-667-c-b/,Neptune-like,2011,5.6 Earths,2.23 x Earth,0.0505 AU,7.2 days,0.13
GJ 667 C c,24,3.8 Earths,10.602,2011,https://exoplanets.nasa.gov/exoplanet-catalog/6541/gj-667-c-c/,Super Earth,2011,3.8 Earths,1.77 x Earth,0.125 AU,28.1 days,0.02
GJ 667 C e,24,2.7 Earths,10.602,2013,https://exoplanets.nasa.gov/exoplanet-catalog/6542/gj-667-c-e/,Super Earth,2013,2.7 Earths,1.45 x Earth,0.213 AU,62.2 days,0.02
GJ 667 C f,24,2.7 Earths,10.602,2013,https://exoplanets.nasa.gov/exoplanet-catalog/6543/gj-667-c-f/,Super Earth,2013,2.7 Earths,1.45 x Earth,0.156 AU,39 days,0.03
GJ 667 C g,24,4.6 Earths,10.602,2013,https://exoplanets.nasa.gov/exoplanet-catalog/6544/gj-667-c-g/,Super Earth,2013,4.6 Earths,1.99 x Earth,0.549 AU,256.2 days,0.08
GJ 674 b,15,11.09 Earths,9.38,2007,https://exoplanets.nasa.gov/exoplanet-catalog/6545/gj-674-b/,Neptune-like,2007,11.09 Earths,0.297 x Jupiter,0.039 AU,4.7 days,0.2
GJ 676 A b,52,6.7 Jupiters,9.58,2010,https://exoplanets.nasa.gov/exoplanet-catalog/6546/gj-676-a-b/,Gas Giant,2010,6.7 Jupiters,1.13 x Jupiter,1.82 AU,2.9 years,0.33
GJ 676 A c,52,6.8 Jupiters,9.58,2016,https://exoplanets.nasa.gov/exoplanet-catalog/7169/gj-676-a-c/,Gas Giant,2016,6.8 Jupiters,1.13 x Jupiter,6.6 AU,20.1 years,0.0
GJ 676 A d,52,4.4 Earths,9.58,2012,https://exoplanets.nasa.gov/exoplanet-catalog/6547/gj-676-a-d/,Super Earth,2012,4.4 Earths,1.93 x Earth,0.0413 AU,3.6 days,0.26
GJ 676 A e,52,8.1 Earths,9.58,2012,https://exoplanets.nasa.gov/exoplanet-catalog/6548/gj-676-a-e/,Neptune-like,2012,8.1 Earths,0.247 x Jupiter,0.187 AU,35.4 days,0.13
GJ 682 b,16,4.4 Earths,10.94,2014,https://exoplanets.nasa.gov/exoplanet-catalog/7495/gj-682-b/,Super Earth,2014,4.4 Earths,1.93 x Earth,0.08 AU,17.5 days,0.08
GJ 682 c,16,8.7 Earths,10.94,2014,https://exoplanets.nasa.gov/exoplanet-catalog/7496/gj-682-c/,Neptune-like,2014,8.7 Earths,0.258 x Jupiter,0.176 AU,57.3 days,0.1
GJ 685 b,47,9 Earths,9.98,2019,https://exoplanets.nasa.gov/exoplanet-catalog/7299/gj-685-b/,Neptune-like,2019,9 Earths,0.263 x Jupiter,0.1344 AU,24.2 days,0.0
GJ 687 b,15,17.2 Earths,9.15,2014,https://exoplanets.nasa.gov/exoplanet-catalog/6549/gj-687-b/,Neptune-like,2014,17.2 Earths,0.385 x Jupiter,0.163 AU,38.1 days,0.17
GJ 687 c,15,16 Earths,9.15,2020,https://exoplanets.nasa.gov/exoplanet-catalog/7674/gj-687-c/,Neptune-like,2020,16 Earths,0.369 x Jupiter,1.165 AU,2 years,0.4
GJ 720 A b,51,13.64 Earths,9.84,2021,https://exoplanets.nasa.gov/exoplanet-catalog/7903/gj-720-a-b/,Neptune-like,2021,13.64 Earths,0.336 x Jupiter,0.119 AU,19.5 days,0.12
GJ 740 b,36,2.96 Earths,9.22,2021,https://exoplanets.nasa.gov/exoplanet-catalog/7843/gj-740-b/,Super Earth,2021,2.96 Earths,1.53 x Earth,0.029 AU,2.4 days,0.24
GJ 832 b,16,0.68 Jupiters,8.66,2008,https://exoplanets.nasa.gov/exoplanet-catalog/6550/gj-832-b/,Gas Giant,2008,0.68 Jupiters,1.25 x Jupiter,3.56 AU,10 years,0.08
GJ 832 c,16,5.4 Earths,8.66,2014,https://exoplanets.nasa.gov/exoplanet-catalog/6551/gj-832-c/,Neptune-like,2014,5.4 Earths,2.18 x Earth,0.163 AU,35.7 days,0.18
GJ 849 b,29,0.9 Jupiters,10.41,2006,https://exoplanets.nasa.gov/exoplanet-catalog/6552/gj-849-b/,Gas Giant,2006,0.9 Jupiters,1.24 x Jupiter,2.409 AU,5.2 years,0.04
GJ 849 c,29,0.702 Jupiters,10.41,2014,https://exoplanets.nasa.gov/exoplanet-catalog/7897/gj-849-c/,Gas Giant,2014,0.702 Jupiters,1.25 x Jupiter,4.974 AU,19.4 years,0.1
GJ 86 b,35,4.42 Jupiters,6.12,1999,https://exoplanets.nasa.gov/exoplanet-catalog/6570/gj-86-b/,Gas Giant,1999,4.42 Jupiters,1.15 x Jupiter,0.11 AU,15.8 days,0.04
GJ 876 b,15,2.2756 Jupiters,10.16,1998,https://exoplanets.nasa.gov/exoplanet-catalog/6553/gj-876-b/,Gas Giant,1998,2.2756 Jupiters,1.19 x Jupiter,0.208317 AU,61.1 days,0.03
GJ 876 c,15,0.7142 Jupiters,10.16,2000,https://exoplanets.nasa.gov/exoplanet-catalog/6554/gj-876-c/,Gas Giant,2000,0.7142 Jupiters,1.25 x Jupiter,0.12959 AU,30.1 days,0.26
GJ 876 d,15,6.83 Earths,10.16,2005,https://exoplanets.nasa.gov/exoplanet-catalog/6555/gj-876-d/,Neptune-like,2005,6.83 Earths,0.224 x Jupiter,0.020807 AU,1.9 days,0.21
GJ 876 e,15,14.6 Earths,10.16,2010,https://exoplanets.nasa.gov/exoplanet-catalog/6556/gj-876-e/,Neptune-like,2010,14.6 Earths,0.35 x Jupiter,0.3343 AU,124.3 days,0.06
GJ 887 b,11,4.2 Earths,7.56,2020,https://exoplanets.nasa.gov/exoplanet-catalog/7641/gj-887-b/,Super Earth,2020,4.2 Earths,1.88 x Earth,0.068 AU,9.3 days,0.0
GJ 887 c,11,7.6 Earths,7.56,2020,https://exoplanets.nasa.gov/exoplanet-catalog/7642/gj-887-c/,Neptune-like,2020,7.6 Earths,0.238 x Jupiter,0.12 AU,21.8 days,0.0
GJ 9066 b,15,30.9 Earths,12.71,2020,https://exoplanets.nasa.gov/exoplanet-catalog/7745/gj-9066-b/,Neptune-like,2020,30.9 Earths,0.544 x Jupiter,0.403 AU,241.9 days,0.18
GJ 9066 c,15,0.22528 Jupiters,12.71,2020,https://exoplanets.nasa.gov/exoplanet-catalog/7746/gj-9066-c/,Gas Giant,2020,0.22528 Jupiters,0.892 x Jupiter,0.87 AU,2.1 years,0.33
GJ 9689 b,100,9.65 Earths,11.297,2020,https://exoplanets.nasa.gov/exoplanet-catalog/8017/gj-9689-b/,Neptune-like,2020,9.65 Earths,0.274 x Jupiter,0.1139 AU,18.3 days,0.29
GJ 96 b,39,19.66 Earths,9.4,2018,https://exoplanets.nasa.gov/exoplanet-catalog/7253/gj-96-b/,Neptune-like,2018,19.66 Earths,0.417 x Jupiter,0.291 AU,73.9 days,0.44
GJ 9827 b,97,4.91 Earths,10.37,2017,https://exoplanets.nasa.gov/exoplanet-catalog/7190/gj-9827-b/,Super Earth,2017,4.91 Earths,1.577 x Earth,0.0188 AU,1.2 days,0.0
